{"cameraMode":{"drawMode":0,"name":"Shaded","section":"Shading Mode"},"sceneLighting":true,"audioPlay":false,"sceneViewState":{"m_AlwaysRefresh":false,"showFog":true,"showSkybox":true,"showFlares":true,"showImageEffects":true,"showParticleSystems":true,"showVisualEffectGraphs":true,"m_FxEnabled":true},"in2DMode":false,"pivot":{"x":-340.26824951171877,"y":400.00006103515627,"z":1030.04248046875},"rotation":{"x":0.5238668322563171,"y":-0.006389495451003313,"z":0.003927302081137896,"w":0.8517742156982422},"size":934.7471923828125,"orthographic":true}