{"cameraMode":{"drawMode":0,"name":"Shaded","section":"Shading Mode"},"sceneLighting":true,"audioPlay":false,"sceneViewState":{"m_AlwaysRefresh":false,"showFog":true,"showSkybox":true,"showFlares":true,"showImageEffects":true,"showParticleSystems":true,"showVisualEffectGraphs":true,"m_FxEnabled":true},"in2DMode":false,"pivot":{"x":981.7313232421875,"y":326.361083984375,"z":239.73733520507813},"rotation":{"x":0.5314134359359741,"y":-0.06087708845734596,"z":0.038328032940626147,"w":0.8440535068511963},"size":346.52606201171877,"orthographic":false}