{"cameraMode":{"drawMode":0,"name":"Shaded","section":"Shading Mode"},"sceneLighting":true,"audioPlay":false,"sceneViewState":{"m_AlwaysRefresh":false,"showFog":true,"showSkybox":true,"showFlares":true,"showImageEffects":true,"showParticleSystems":true,"showVisualEffectGraphs":true,"m_FxEnabled":true},"in2DMode":false,"pivot":{"x":1164.9163818359375,"y":546.1707763671875,"z":-145.75094604492188},"rotation":{"x":0.3610993027687073,"y":-0.14736303687095643,"z":0.05790356174111366,"w":0.918988049030304},"size":228.17283630371095,"orthographic":false}